variant,split,val_size,field_mode,direction,reference,baseline_objective,neural_objective,baseline_gap_pct,neural_gap_pct,winner,urs_objective,urs_gap_pct,neural_vs_urs,neural_beats_urs,urs_neural_ties,urs_beats_neural,neural_improvement_pct,baseline_seconds,neural_seconds,neural_net_evals_mean,neural_net_evals_total,neural_model_seconds,neural_decoder_seconds
op,seen,8,dynamic,maximize,,29.753751754760742,30.452500104904175,,,neural,,,,,,,2.3484377899725857,7.140792086254805,8.350949346553534,2.25,18,0.7101945206522942,7.537601243238896
tsp,seen,8,dynamic,minimize,7.689815044403076,7.699385046958923,7.691669225692749,0.1244503606470036,0.024112170175307288,neural,,,,,,,0.10021347444133717,11.666554303839803,12.013576993253082,5.5,44,0.674983146134764,11.286168731749058
aop,heldout,8,dynamic,maximize,31.93499755859375,35.84124994277954,36.42874574661255,-12.23188565152908,-14.071546990957968,neural,,,,,,,1.6391610358761015,7.319573970977217,7.880843135993928,5.75,46,0.6843292787671089,7.093074461445212
cvrp,seen,8,dynamic,minimize,15.032339096069336,15.379023432731628,15.402591943740845,2.306256760486089,2.4630421473682875,baseline,,,,,,,-0.15325102476308577,9.302579895593226,10.652700320351869,9.125,73,1.0775217209011316,9.463807787746191
atsp,seen,8,dynamic,minimize,,1.6837854385375977,1.6741198599338531,,,neural,,,,,,,0.5740386145718935,7.326501166447997,8.835079341661185,11.25,90,1.3862645621411502,7.403168421238661
cvrpl,seen,8,dynamic,minimize,15.267560005187988,15.34738576412201,15.252427458763123,0.522845555589078,-0.09911568331628376,neural,,,,,,,0.6187262561736948,11.118854007683694,14.294127352070063,8.625,69,0.961320383939892,13.178027495741844
cvrpb,seen,8,dynamic,minimize,11.423855781555176,11.389753818511963,11.452160835266113,-0.2985153497672259,0.24777145520900665,baseline,,,,,,,-0.5479224375571594,12.485521473921835,13.77262447681278,8.375,67,0.9799240133725107,12.684450841974467
ocvrp,seen,8,dynamic,minimize,10.285459518432617,10.340360283851624,10.387342810630798,0.5337706625612443,0.9905565426182045,baseline,,,,,,,-0.45436063627828005,9.16970939328894,10.190452800132334,7.875,63,0.8883950058370829,9.193512084428221
acvrp,seen,8,dynamic,minimize,2.092512845993042,2.2232876420021057,2.215896487236023,6.249653198520845,5.896434111706821,neural,,,,,,,0.332442578569227,9.966027539223433,13.278296455275267,10.625,85,1.2890502107329667,11.878219378180802
pctsp,seen,8,dynamic,minimize,,6.029324531555176,5.95932811498642,,,neural,,,,,,,1.1609329735432496,8.779768897686154,8.627400131896138,7.625,61,0.8947076890617609,7.622578482609242
pdtsp,seen,8,dynamic,minimize,,12.471340417861938,12.486072540283203,,,baseline,,,,,,,-0.11812781888436572,3.8510727058164775,3.992811901960522,1.5,12,0.18291214713826776,3.7174446946009994
cvrptw,seen,8,dynamic,minimize,25.1087589263916,26.030321836471558,25.92670464515686,3.670284591849377,3.257611103611828,neural,,,,,,,0.3980634275889641,16.666337378323078,18.843598602805287,9.375,75,1.123883122112602,17.556841420475394
cvrpbl,heldout,8,dynamic,minimize,11.315780639648438,11.404956221580505,11.32848346233368,0.7880638974178489,0.11225759043731653,neural,,,,,,,0.6705221638827873,13.454582029022276,16.418245987035334,9.375,75,1.0805680407211185,15.194188941270113
cvrpbp,seen,8,dynamic,minimize,14.735992431640625,14.692524194717407,14.702378749847412,-0.29498004375928044,-0.2281059925155684,baseline,,,,,,,-0.0670718999635748,9.178133866284043,10.490374909248203,8.5,68,0.9930541762150824,9.346065553370863
ocvrpl,seen,8,dynamic,minimize,10.195676803588867,10.254364848136902,10.223825573921204,0.5756169568593675,0.27608535337671836,neural,,,,,,,0.2978173165083635,10.088141474407166,12.567993345670402,9.5,76,1.1189698693342507,11.306030863430351
ocvrpb,heldout,8,dynamic,minimize,8.385598182678223,8.609028935432434,8.576670825481415,2.664458132703555,2.2785809508245083,neural,,,,,,,0.37586248337303246,10.881002913229167,12.224545942153782,8.75,70,1.069292672444135,11.051012373995036
acvrpl,heldout,8,dynamic,minimize,2.2400238513946533,2.2109672278165817,2.2201510667800903,-1.2971568833957172,-0.8871684380588208,baseline,,,,,,,-0.41537653059552637,10.620863372925669,14.690059843473136,10.75,86,1.2348330365493894,13.304872444830835
acvrpb,heldout,8,dynamic,minimize,2.3043713569641113,1.9318183660507202,1.9525064080953598,-16.1672288534349,-15.269455064409202,baseline,,,,,,,-1.070910309592554,12.689721600152552,15.298943617846817,10.5,84,1.219523451756686,13.983743875753134
aocvrp,heldout,8,dynamic,minimize,1.5795049667358398,1.590089499950409,1.595203012228012,0.6701171213435807,0.9938585710568151,baseline,,,,,,,-0.3215864438927889,8.906831596046686,12.167132479604334,12.25,98,1.4607896842062473,10.601103188935667
mdcvrp,heldout,8,dynamic,minimize,11.501220703125,11.783200860023499,11.729310750961304,2.4517411166788725,1.983181209402662,neural,,,,,,,0.4573469441993995,10.686320014763623,11.601324929390103,9.125,73,1.0860189986415207,10.406932110898197
pdcvrp,heldout,8,dynamic,minimize,23.309293746948242,19.413264751434326,19.519872426986694,-16.714487525062836,-16.257126282333957,baseline,,,,,,,-0.5491486203756202,4.326997838914394,5.973597364965826,12.0,96,1.3504737908951938,4.483070477843285
spctsp,heldout,8,dynamic,minimize,,6.205688059329987,5.982144117355347,,,neural,,,,,,,3.6022426496051656,9.337348348461092,8.656916264910251,7.5,60,0.8947678059339523,7.655007149558514
apctsp,heldout,8,dynamic,minimize,1.5748319625854492,1.5662304610013962,1.5491968989372253,-0.5461853574480222,-1.6277967590991753,neural,,,,,,,1.0875514484171211,9.256666185334325,11.813047368079424,9.375,75,1.1154376449994743,10.583510728087276
apdtsp,heldout,8,dynamic,minimize,2.087674140930176,2.3734908401966095,2.372640013694763,13.690675841732961,13.649921085750439,neural,,,,,,,0.035847052258934975,3.8249345179647207,4.319188904482871,3.375,27,0.40255481703206897,3.8186933239921927
cvrpltw,heldout,8,dynamic,minimize,23.643173217773438,23.71998167037964,23.536946773529053,0.3248652450275222,-0.44929013236061927,neural,,,,,,,0.7716485594048794,16.149916859343648,21.718627827707678,8.375,67,0.926035956479609,20.581750955432653
cvrpbtw,heldout,8,dynamic,minimize,23.91897201538086,25.272464752197266,25.09079885482788,5.658657637736505,4.89915218218195,neural,,,,,,,0.7188293629080645,14.282408583909273,16.745404395274818,10.125,81,1.1406137477606535,15.458855085540563
cvrpbpl,heldout,8,dynamic,minimize,15.133810043334961,14.888562321662903,14.880937933921814,-1.6205286109036832,-1.6709084406970844,neural,,,,,,,0.05120969759447734,10.41328753111884,13.136037203948945,9.625,77,1.0724086668342352,11.872144049964845
ocvrptw,seen,8,dynamic,minimize,14.203609466552734,14.637856841087341,14.497888565063477,3.0573029732842993,2.071861375826498,neural,,,,,,,0.9562074389946521,10.865806680638343,12.487370690796524,6.875,55,0.7767862514592707,11.550783817656338
ocvrpbl,heldout,8,dynamic,minimize,8.2201509475708,8.388421297073364,8.326038360595703,2.047046952979499,1.288144386888588,neural,,,,,,,0.7436791056193841,10.745939821004868,13.837860275991261,9.5,76,1.0949519681744277,12.609423286747187
ocvrpbp,seen,8,dynamic,minimize,10.672101974487305,10.65067982673645,10.61077868938446,-0.200730350984897,-0.5746129979777508,neural,,,,,,,0.37463465244561894,8.295051691588014,9.838247341103852,8.875,71,1.0303909303620458,8.668618137016892
acvrptw,heldout,8,dynamic,minimize,4.125319957733154,4.3335390985012054,4.28062117099762,5.047345245978609,3.7645858952914453,neural,,,,,,,1.2211249581638244,9.239658514037728,11.915737504605204,12.125,97,1.3506262847222388,10.419915227685124
acvrpbl,heldout,8,dynamic,minimize,2.215576171875,1.8741516917943954,1.885042279958725,-15.410189205621558,-14.918642658832646,baseline,,,,,,,-0.5810942738526357,13.416189398150891,17.5145196178928,11.0,88,1.2621332849375904,16.09262501867488
acvrpbp,heldout,8,dynamic,minimize,2.324636220932007,2.326084941625595,2.3112432956695557,0.06232031835963681,-0.576129939895783,neural,,,,,,,0.6380526218301932,9.516984417568892,14.150774137116969,12.625,101,1.438814037013799,12.562616934999824
aocvrpl,heldout,8,dynamic,minimize,1.6071850061416626,1.6209169626235962,1.6020149439573288,0.8544104399592198,-0.32168432162924837,neural,,,,,,,1.1661312147460547,9.51192567544058,13.751635455526412,11.0,88,1.2726542646996677,12.33144298242405
aocvrpb,heldout,8,dynamic,minimize,1.7120288610458374,1.544689565896988,1.5378811061382294,-9.77432676261228,-10.172010464895163,neural,,,,,,,0.44076556928154886,11.260293615981936,14.351922404952347,11.125,89,1.3293246729299426,12.920296740252525
mdcvrpl,heldout,8,dynamic,minimize,11.65179443359375,11.866252422332764,11.830238223075867,1.840557606480778,1.5314704571824436,neural,,,,,,,0.30350103786024984,11.393821329344064,13.810594473965466,9.625,77,1.0980761107057333,12.554091568570584
mdcvrpb,heldout,8,dynamic,minimize,10.44209098815918,9.852421522140503,9.866567611694336,-5.647043936768345,-5.511572127818644,baseline,,,,,,,-0.14357982473693104,11.797282402403653,13.352875351905823,10.0,80,1.1827292307280004,12.070674452465028
mdocvrp,seen,8,dynamic,minimize,7.626042366027832,7.750682234764099,7.7392706871032715,1.6343978010338291,1.4847586158168244,neural,,,,,,,0.14723281532099813,9.564810336567461,10.28467191522941,7.625,61,0.9065560544840991,9.2773969899863
amdcvrp,heldout,8,dynamic,minimize,1.9540473222732544,1.9417232424020767,1.9587956815958023,-0.6306950569058056,0.24300124507854168,baseline,,,,,,,-0.879241635517816,11.745733172632754,14.258343279361725,10.75,86,1.2825651434250176,12.868200006429106
apdcvrp,heldout,8,dynamic,minimize,2.850705146789551,2.822603076696396,2.7750611901283264,-0.9857936421380973,-2.6535173848622753,neural,,,,,,,1.6843277384829107,4.492021185811609,7.123862836044282,12.5,100,1.394110112451017,5.591758420690894
opdcvrp,heldout,8,dynamic,minimize,21.45525360107422,19.12348246574402,18.94792366027832,-10.86806606291269,-11.686321622739346,neural,,,,,,,0.9180273821997511,4.265134810935706,6.221418606583029,13.625,109,1.557044091168791,4.522636519744992
aspctsp,heldout,8,dynamic,minimize,,1.5123876184225082,1.5106716454029083,,,neural,,,,,,,0.11346119200511277,8.970615482889116,11.588084234856069,9.75,78,1.1199733261018991,10.359150931239128
cvrpbltw,heldout,8,dynamic,minimize,22.771591186523438,24.233150959014893,24.008101224899292,6.418347143683256,5.430055494354911,neural,,,,,,,0.9286853966957218,15.029047057963908,19.421317029278725,11.125,89,1.2327245213091373,18.002929909620434
cvrpbptw,heldout,8,dynamic,minimize,25.759891510009766,28.108809232711792,28.449990272521973,9.118507823642368,10.442973959990825,baseline,,,,,,,-1.2137868843377726,14.166166802868247,15.889296178240329,9.0,72,0.9989298488944769,14.700272277463228
ocvrpltw,heldout,8,dynamic,minimize,14.089934349060059,14.495010495185852,14.392547845840454,2.874932814380474,2.147728224160128,neural,,,,,,,0.7068822018406148,11.851860572118312,14.906253080815077,9.625,77,1.0522123090922832,13.668170236051083
ocvrpbtw,heldout,8,dynamic,minimize,13.727784156799316,14.874532461166382,15.027061462402344,8.353484373507472,9.464581397570274,baseline,,,,,,,-1.0254372810316983,9.723799355793744,11.426510116551071,9.875,79,1.103157493751496,10.177244699094445
ocvrpbpl,heldout,8,dynamic,minimize,10.633819580078125,10.577831625938416,10.4647616147995,-0.5265084076148877,-1.5898141209330492,neural,,,,,,,1.068933739327553,9.059791952371597,11.28769803699106,9.625,77,1.0572172049432993,10.039075474254787
acvrpltw,heldout,8,dynamic,minimize,3.644996166229248,3.9017820060253143,3.913041651248932,7.044886416484533,7.353793331886468,baseline,,,,,,,-0.2885769939537853,9.934791795909405,12.664034500718117,9.625,77,1.0658174506388605,11.391076676081866
acvrpbtw,heldout,8,dynamic,minimize,3.8757317066192627,3.9740467965602875,3.973897784948349,2.536684615529887,2.5328398805683836,neural,,,,,,,0.0037496189543478114,9.018336118664593,10.814158376306295,10.75,86,1.182601687964052,9.480878632050008
acvrpbpl,heldout,8,dynamic,minimize,2.196505069732666,2.2199439257383347,2.187177285552025,1.067097742165528,-0.4246648145354132,neural,,,,,,,1.4760120652782662,10.435181509237736,15.17749564209953,11.5,92,1.257017289288342,13.726163291372359
aocvrptw,heldout,8,dynamic,minimize,2.3294589519500732,2.3196091055870056,2.301749527454376,-0.4228383743281662,-1.1895219047539116,neural,,,,,,,0.7699391285200964,7.200268096290529,9.900261664763093,10.875,87,1.2097279694862664,8.532037128228694
aocvrpbl,heldout,8,dynamic,minimize,1.7873413562774658,1.543603390455246,1.5348758101463318,-13.636900694216472,-14.12520027270837,neural,,,,,,,0.5654030279332446,11.614633860532194,15.910091698169708,10.0,80,1.15411467384547,14.61141409818083
aocvrpbp,heldout,8,dynamic,minimize,1.7481025457382202,1.7813722044229507,1.780395045876503,1.903186902040739,1.8472886626136522,neural,,,,,,,0.05485426032928868,8.605936906300485,12.130413010716438,12.25,98,1.3745704288594425,10.610331349540502
mdcvrptw,seen,8,dynamic,minimize,15.558425903320312,16.244645714759827,16.131085872650146,4.410599219379054,3.680706344512802,neural,,,,,,,0.699060134050816,13.157938382122666,15.563417103607208,9.875,79,1.1426377780735493,14.26658731047064
mdcvrpbl,heldout,8,dynamic,minimize,10.824751853942871,9.888419151306152,9.94172489643097,-8.649923021520936,-8.157479907405571,baseline,,,,,,,-0.5390724675923126,12.567889284342527,15.26933938357979,9.5,76,1.0797805963084102,14.03229575837031
mdcvrpbp,heldout,8,dynamic,minimize,11.496724128723145,11.862694025039673,11.910220384597778,3.1832537009581516,3.5966441504981796,baseline,,,,,,,-0.4006371525539412,9.35682967538014,10.520504968706518,8.375,67,0.9419333375990391,9.432170482352376
mdocvrpl,heldout,8,dynamic,minimize,7.9271240234375,8.024345576763153,8.026926457881927,1.2264416834933554,1.2589992808154575,baseline,,,,,,,-0.032163135224984735,10.717027255799621,12.282741460949183,8.25,66,0.9527832702733576,11.178924132604152
mdocvrpb,heldout,8,dynamic,minimize,7.523009300231934,7.572883605957031,7.560092091560364,0.6629568532310606,0.49292496989584894,neural,,,,,,,0.16891206919653876,11.012618244159967,12.098598496057093,8.125,65,0.9801011364907026,11.019558562431484
amdcvrpl,heldout,8,dynamic,minimize,2.085469961166382,2.0766782015562057,2.091174617409706,-0.42157210479593515,0.27354295911957055,baseline,,,,,,,-0.6980578812180506,12.302356721367687,16.206829788628966,11.0,88,1.2650914597325027,14.783719029277563
amdcvrpb,heldout,8,dynamic,minimize,2.2194573879241943,1.921792909502983,1.8909388184547424,-13.41158789714858,-14.801751601850194,neural,,,,,,,1.6054846958624795,13.052412971388549,16.08087824517861,11.0,88,1.3054739758372307,14.668725431431085
amdocvrp,seen,8,dynamic,minimize,1.4561562538146973,1.4685510396957397,1.4705528616905212,0.8511988908176454,0.9886719119674922,baseline,,,,,,,-0.1363127287149815,9.156046709045768,12.281268875580281,11.75,94,1.4135767463594675,10.754055643454194
aopdcvrp,heldout,8,dynamic,minimize,2.705528497695923,2.728271394968033,2.7021900415420532,0.8406083059734263,-0.12339386396087561,neural,,,,,,,0.9559662383325765,4.307533564977348,7.003410168457776,12.625,101,1.4310214980505407,5.432949926704168
cvrpbpltw,heldout,8,dynamic,minimize,26.035980224609375,28.435258388519287,28.138288974761963,9.215240383544689,8.074628771477835,neural,,,,,,,1.0443703718100392,13.630343890748918,16.849978404585272,12.625,101,1.3558377493172884,15.267938894219697
ocvrpbltw,heldout,8,dynamic,minimize,12.945807456970215,13.973196625709534,13.8820321559906,7.936076387310684,7.2318756642430095,neural,,,,,,,0.6524238666419248,10.047953876201063,12.264176590833813,8.125,65,0.8826132947579026,11.202088715974241
ocvrpbptw,heldout,8,dynamic,minimize,15.992785453796387,16.110862970352173,15.941194772720337,0.7383173925324982,-0.3225872142479292,neural,,,,,,,1.0531291709455035,8.862573931924999,11.098852779250592,10.25,82,1.114236899651587,9.809467898216099
acvrpbltw,heldout,8,dynamic,minimize,4.1280059814453125,4.3695449233055115,4.324432522058487,5.851225578302832,4.758387984321691,neural,,,,,,,1.0324279081423773,9.561682356521487,12.522113125305623,11.75,94,1.2874023667536676,11.044471468310803
acvrpbptw,heldout,8,dynamic,minimize,4.009541034698486,4.320409566164017,4.308629512786865,7.7532198517306705,7.459419307598384,neural,,,,,,,0.27266057064147053,8.33291617128998,11.350508732255548,13.125,105,1.4399282769300044,9.702680199872702
aocvrpltw,heldout,8,dynamic,minimize,2.8289997577667236,2.788563370704651,2.781974822282791,-1.4293527933701258,-1.6622460060249367,neural,,,,,,,0.2362703494952263,8.271321142558008,10.903918955475092,7.625,61,0.8385726152919233,9.878082963172346
aocvrpbtw,heldout,8,dynamic,minimize,2.6675326824188232,2.6058966368436813,2.5770605504512787,-2.3106013276378135,-3.3916035055101053,neural,,,,,,,1.1065706131510091,7.4619744759984314,10.23407472576946,11.375,91,1.2718195226043463,8.823307398241013
aocvrpbpl,heldout,8,dynamic,minimize,1.8487187623977661,1.86089226603508,1.8608365654945374,0.6584832633777652,0.6554703367133352,neural,,,,,,,0.0029932168325510424,8.949124874547124,13.239481491502374,10.375,83,1.1166306682862341,11.940503347665071
mdcvrpltw,heldout,8,dynamic,minimize,16.523956298828125,17.078065395355225,16.966866970062256,3.3533682037539454,2.6804154115654613,neural,,,,,,,0.6511183949630017,14.336681817192584,17.85068484628573,10.5,84,1.149179651401937,16.49588804738596
mdcvrpbtw,heldout,8,dynamic,minimize,15.974532127380371,17.253429293632507,17.275696277618408,8.005850537932844,8.145241061601046,baseline,,,,,,,-0.12905830839158833,12.996049407869577,14.270519203040749,9.375,75,1.0878019537776709,13.04343707114458
mdcvrpbpl,heldout,8,dynamic,minimize,11.856067657470703,12.258350372314453,12.202193140983582,3.393053468198328,2.919395313122889,neural,,,,,,,0.4581140987591852,10.133383364416659,12.945033548399806,9.625,77,1.1041835080832243,11.64822647953406
mdocvrptw,seen,8,dynamic,minimize,10.151544570922852,10.573400259017944,10.5038081407547,4.155581302410052,3.470048989794513,neural,,,,,,,0.6581810634085306,10.603030538186431,12.446545503567904,8.75,70,0.9884004984050989,11.314126968383789
mdocvrpbl,heldout,8,dynamic,minimize,7.678691864013672,7.705194711685181,7.694728434085846,0.34514795151130967,0.208845078773505,neural,,,,,,,0.13583404431639168,11.31372573133558,13.353801045566797,7.625,61,0.8688270910643041,12.32805081224069
mdocvrpbp,heldout,8,dynamic,minimize,8.729984283447266,8.944079637527466,8.916890263557434,2.452413969245532,2.140965825844118,neural,,,,,,,0.30399297716392054,8.773045327980071,9.845414754003286,8.875,71,1.0088761313818395,8.692150651477277
amdcvrptw,heldout,8,dynamic,minimize,3.3776588439941406,3.4240520894527435,3.3637183606624603,1.373532603539737,-0.4127262099447389,neural,,,,,,,1.762056394414437,10.00804387172684,12.789552769623697,11.875,95,1.3587130825035274,11.275723188649863
amdcvrpbl,heldout,8,dynamic,minimize,2.124871253967285,1.8503697514533997,1.8354159444570541,-12.918500450385958,-13.622251652649423,neural,,,,,,,0.8081523697952713,13.770844611804932,18.069336652290076,9.5,76,1.0952453217469156,16.812240913510323
amdcvrpbp,heldout,8,dynamic,minimize,2.1068787574768066,2.125255450606346,2.0810958445072174,0.8722235707358585,-1.2237492488873347,neural,,,,,,,2.077849328019828,10.72207766911015,14.76854282291606,12.125,97,1.372933853417635,13.24766095355153
amdocvrpl,heldout,8,dynamic,minimize,1.369858741760254,1.3751735538244247,1.3791385889053345,0.38798249061369355,0.6774309541694833,baseline,,,,,,,-0.2883297944381473,10.174278664868325,14.366322145331651,11.625,93,1.338251020759344,12.884598364122212
amdocvrpb,heldout,8,dynamic,minimize,1.5138287544250488,1.3562258929014206,1.3544195145368576,-10.410877786733924,-10.53020293228178,neural,,,,,,,0.133191555626367,11.392035123426467,15.03355598449707,12.25,98,1.437533475458622,13.479719724040478
ocvrpbpltw,heldout,8,dynamic,minimize,15.77900505065918,16.09384536743164,15.923142194747925,1.9953115913307111,0.9134742249336164,neural,,,,,,,1.060673622658012,9.501507810782641,11.887979998718947,10.875,87,1.173671850003302,10.499234830960631
acvrpbpltw,heldout,8,dynamic,minimize,4.268418788909912,4.59997022151947,4.559841215610504,7.767546930282143,6.827409425189435,neural,,,,,,,0.8723753410671119,8.567250210791826,11.833091080654413,12.625,101,1.3372949012555182,10.272950671613216
aocvrpbltw,heldout,8,dynamic,minimize,2.600998878479004,2.5577231347560883,2.533810079097748,-1.6638124714695062,-2.583192170407484,neural,,,,,,,0.9349352685360478,8.037207486107945,11.000069926958531,10.75,86,1.1970361974090338,9.620388553477824
aocvrpbptw,heldout,8,dynamic,minimize,2.934884786605835,2.9795080721378326,2.9585120677948,1.5204442005917398,0.805049700649052,neural,,,,,,,0.7046802302491483,7.218854726757854,9.791287878062576,11.375,91,1.234865091741085,8.363343351520598
mdcvrpbltw,heldout,8,dynamic,minimize,15.870476722717285,17.64888060092926,17.56120204925537,11.205736974909744,10.65327372376881,neural,,,,,,,0.49679384011058836,12.719008567277342,15.143277642782778,10.0,80,1.117813117802143,13.828340264037251
mdcvrpbptw,heldout,8,dynamic,minimize,17.205636978149414,18.214555144309998,18.301050066947937,5.863881514191402,6.366594216707357,baseline,,,,,,,-0.4748670607251114,11.621872691903263,13.423163909930736,10.25,82,1.1276636426337063,12.106193861924112
mdocvrpltw,heldout,8,dynamic,minimize,10.088274002075195,10.406902551651001,10.39656674861908,3.158404990886078,3.055951359771427,neural,,,,,,,0.09931680421358097,11.455816640984267,13.280015975236893,7.875,63,0.8969915630295873,12.182519903872162
mdocvrpbtw,heldout,8,dynamic,minimize,10.750480651855469,11.688179969787598,11.642312169075012,8.72239435890048,8.29573621962306,neural,,,,,,,0.3924289395880938,9.98724172823131,11.40917608095333,8.125,65,0.9295249115675688,10.324669461231679
mdocvrpbpl,heldout,8,dynamic,minimize,8.498504638671875,8.743500232696533,8.66619348526001,2.8828082638188155,1.9731570872489488,neural,,,,,,,0.8841624678802315,9.5681965444237,11.737416110932827,9.5,76,1.0648401691578329,10.480408479459584
amdcvrpltw,heldout,8,dynamic,minimize,3.5656349658966064,3.604468822479248,3.5672790110111237,1.0891147566721409,0.04610806014192774,neural,,,,,,,1.0317695421913586,9.916616134345531,13.248241203837097,12.875,103,1.4467551787383854,11.605512431822717
amdcvrpbtw,heldout,8,dynamic,minimize,3.4882476329803467,3.4999261796474457,3.4896168410778046,0.3347969495250797,0.039252032582561776,neural,,,,,,,0.294558743255539,9.725539608392864,12.735235508996993,12.25,98,1.3934218059293926,11.184913337230682
amdcvrpbpl,heldout,8,dynamic,minimize,2.1754674911499023,2.186227485537529,2.1780184358358383,0.4946060757699101,0.11725960954661763,neural,,,,,,,0.37548927346288075,11.488233191892505,16.446345725096762,12.5,100,1.379990533925593,14.859105149284005
amdocvrptw,heldout,8,dynamic,minimize,2.025437593460083,1.9878845065832138,1.9822642654180527,-1.8540727691696857,-2.1315555799612045,neural,,,,,,,0.2827247330792488,7.880814674310386,10.139730817172676,10.625,85,1.1805253587663174,8.814930061809719
amdocvrpbl,heldout,8,dynamic,minimize,1.5685625076293945,1.3881349116563797,1.3988876044750214,-11.502735472474049,-10.817222924115843,baseline,,,,,,,-0.7746143929058816,11.765727808699012,16.993499517906457,11.25,90,1.2790844812989235,15.567791456822306
amdocvrpbp,heldout,8,dynamic,minimize,1.5084450244903564,1.5327168852090836,1.5322176814079285,1.609064985774182,1.5759710517527052,neural,,,,,,,0.03256986374799362,8.909119858872145,12.575526454951614,13.25,106,1.5298446137458086,10.892560780514032
aocvrpbpltw,heldout,8,dynamic,minimize,2.7788338661193848,2.7613493651151657,2.7240083515644073,-0.6292028183979201,-1.9729684175592954,neural,,,,,,,1.3522741462017431,7.396283612586558,10.353366868570447,11.75,94,1.2580530033446848,8.880337343085557
mdcvrpbpltw,heldout,8,dynamic,minimize,18.12386703491211,19.30565047264099,19.25232219696045,6.5205920759206935,6.226348713961486,neural,,,,,,,0.27623143678124795,11.595643538981676,13.901636545546353,9.625,77,1.039325105957687,12.619315098505467
mdocvrpbltw,heldout,8,dynamic,minimize,10.170628547668457,11.049589395523071,11.007219791412354,8.64214874955894,8.225560886654138,neural,,,,,,,0.38344957983583117,9.796026905998588,12.005667611490935,9.375,75,1.0422952841036022,10.775541973300278
mdocvrpbptw,heldout,8,dynamic,minimize,11.55490493774414,12.256555080413818,12.215410351753235,6.072314280818832,5.7162340803994915,neural,,,,,,,0.33569570234570617,9.224734806921333,10.589328302070498,8.875,71,0.9712721547111869,9.434921432752162
amdcvrpbltw,heldout,8,dynamic,minimize,3.6328439712524414,3.613818258047104,3.6173195838928223,-0.5237140200870866,-0.4273342726103106,baseline,,,,,,,-0.09688715911271337,10.490707743447274,13.982764715328813,13.625,109,1.5034454460255802,12.257198282983154
amdcvrpbptw,heldout,8,dynamic,minimize,3.6460750102996826,3.8541668355464935,3.8451805412769318,5.707283165019339,5.460818288565161,neural,,,,,,,0.23315789515602467,9.33830693922937,12.175582325085998,13.0,104,1.4274957133457065,10.558420975226909
amdocvrpltw,heldout,8,dynamic,minimize,2.021630048751831,1.9207998365163803,1.9125511050224304,-4.987569921494986,-5.3955937089848245,neural,,,,,,,0.42944253415337824,8.254198460374027,10.899874791968614,9.875,79,1.088592550251633,9.628123505506665
amdocvrpbtw,heldout,8,dynamic,minimize,2.0450611114501953,1.9932960867881775,1.9797978550195694,-2.5312214081128444,-3.19126191707525,neural,,,,,,,0.6771814713366522,7.823082021437585,10.520389272365719,12.125,97,1.3867873162962496,8.990538009442389
amdocvrpbpl,heldout,8,dynamic,minimize,1.5615724325180054,1.5786123126745224,1.596532940864563,1.0912001135317528,2.238801583490077,baseline,,,,,,,-1.1352140133557576,9.410769887734205,13.534107577987015,11.5,92,1.2655026083812118,12.084221800789237
mdocvrpbpltw,heldout,8,dynamic,minimize,11.763912200927734,12.53455901145935,12.57115125656128,6.55093983505624,6.861994903106162,baseline,,,,,,,-0.2919308534785734,9.223559370264411,11.298630280420184,8.5,68,0.9187460332177579,10.161363066639751
amdcvrpbpltw,heldout,8,dynamic,minimize,3.5159237384796143,3.65637543797493,3.6298263370990753,3.9947311131398675,3.2396208533441,neural,,,,,,,0.7261043436655021,9.687159781344235,12.64340160554275,12.625,101,1.3518586633726954,11.060043043456972
amdocvrpbltw,heldout,8,dynamic,minimize,2.085622549057007,1.988348975777626,1.9845233410596848,-4.664006597136288,-4.847435507591394,neural,,,,,,,0.1924025794538965,8.52541070850566,11.08589531108737,10.25,82,1.1276720413006842,9.7696468308568
amdocvrpbptw,heldout,8,dynamic,minimize,2.010592460632324,2.0301145166158676,2.040124610066414,0.9709603694327879,1.4688282191609285,baseline,,,,,,,-0.49308023604662227,7.440021293703467,9.961089347489178,11.625,93,1.2758055543527007,8.495376150123775
amdocvrpbpltw,heldout,8,dynamic,minimize,2.1548187732696533,2.132538467645645,2.1137805730104446,-1.0339758452262209,-1.9044849974524132,neural,,,,,,,0.8796040455912386,7.614651613403112,10.461990269832313,11.5,92,1.2570687611587346,8.99655372230336
