name,direction,bootstrap,srr,reference,has_reference,bootstrap_gap_pct,srr_gap_pct,improvement_pct,changed_edges,srr_moves,srr_scope_nodes,srr_revisits,asymmetric,time_windows,multi_depot,strict_backhaul,open_route,pickup_delivery,optional
op,maximize,20.849998474121094,26.169998168945312,,False,,,25.515587933626826,0,2,44,2,False,False,False,False,False,False,True
tsp,minimize,8.385296821594238,7.921699523925781,7.401462078094482,True,13.292437806464392,7.028847008093226,5.528692752707071,8,8,9,0,False,False,False,False,False,False,False
aop,maximize,14.430000305175781,29.489999771118164,35.459999084472656,True,59.306258664021115,16.83586990268326,104.36589845767801,9,8,17,1,True,False,False,False,False,False,True
cvrp,minimize,20.06951332092285,17.54825782775879,14.08707460345019,True,42.4675731894502,24.569921873352538,12.562614014838145,8,8,15,5,False,False,False,False,False,False,False
atsp,minimize,2.1698107719421387,1.9576457738876343,,False,,,9.778041513942771,8,8,28,3,True,False,False,False,False,False,False
cvrpl,minimize,45.23016357421875,32.67820358276367,15.626479440991986,True,189.44564093924595,109.12070249835637,27.751303554006405,8,8,8,0,False,False,False,False,False,False,False
cvrpb,minimize,20.902843475341797,18.532283782958984,11.85424011142921,True,76.3322092251904,56.33464151861721,11.340847933819443,8,8,19,3,False,False,False,False,False,False,False
ocvrp,minimize,13.715575218200684,11.958958625793457,9.542573943339816,True,43.7303530435139,25.322147848171955,12.807458414694716,8,8,9,0,False,False,False,False,True,False,False
acvrp,minimize,3.193592071533203,2.903974771499634,2.0503149032592773,True,55.76105243426356,41.63554909947435,9.068700496069548,10,8,10,1,True,False,False,False,False,False,False
pctsp,minimize,27.41425323486328,17.141834259033203,,False,,,37.4710880789794,9,8,8,0,False,False,False,False,False,False,True
pdtsp,minimize,13.876790046691895,12.382209777832031,,False,,,10.770360175739333,8,8,10,1,False,False,False,False,False,True,False
cvrptw,minimize,32.86002731323242,28.071372985839844,22.168104392328274,True,48.231110480534845,26.629559699991834,14.572886022721693,9,8,9,0,False,True,False,False,False,False,False
cvrpbl,minimize,43.76880645751953,32.936790466308594,11.073374289478942,True,295.2616909111909,197.4413182944838,24.74825536246713,9,8,9,0,False,False,False,False,False,False,False
cvrpbp,minimize,20.373563766479492,17.46160125732422,15.517189979553223,True,31.29673473950788,12.530691963771268,14.292848038428646,8,8,14,0,False,False,False,True,False,False,False
ocvrpl,minimize,15.406885147094727,13.530386924743652,10.812519663715992,True,42.49116418993652,25.136298897546673,12.179608041700272,9,8,11,1,False,False,False,False,True,False,False
ocvrpb,minimize,15.452154159545898,12.096095085144043,8.603693231115471,True,79.59908314330406,40.59189187961994,21.719036968891345,8,8,12,1,False,False,False,False,True,False,False
acvrpl,minimize,4.220799446105957,3.7160770893096924,1.9813300371170044,True,113.02859024171268,87.5546738652832,11.957980075597137,9,8,12,0,True,False,False,False,False,False,False
acvrpb,minimize,2.787674903869629,2.6335346698760986,2.279710054397583,True,22.28199364617341,15.520597226651015,5.529347549800913,8,8,11,1,True,False,False,False,False,False,False
aocvrp,minimize,2.7852208614349365,2.4639389514923096,1.4667799472808838,True,89.88675612849617,67.98286314589717,11.5352399657492,9,8,8,0,True,False,False,False,True,False,False
mdcvrp,minimize,19.09787368774414,16.762758255004883,11.84113883972168,True,61.28409561147436,41.56373370755007,12.227096434498849,8,8,24,4,False,False,True,False,False,False,False
pdcvrp,minimize,39.68134689331055,29.724796295166016,23.626556396484375,True,67.95230852692151,25.81095525029224,25.09126170770932,9,8,8,0,False,False,False,False,False,True,False
spctsp,minimize,26.34110450744629,18.792272567749023,,False,,,28.657993204359784,9,8,8,0,False,False,False,False,False,False,True
apctsp,minimize,4.254070281982422,3.2663424015045166,1.6372369527816772,True,159.83229090662329,99.50333981620544,23.218419419662673,8,8,8,0,True,False,False,False,False,False,True
apdtsp,minimize,2.932021379470825,2.59222674369812,2.094641923904419,True,39.977212620929905,23.75512559522353,11.589091339914843,8,8,9,0,True,False,False,False,False,True,False
cvrpltw,minimize,53.84486389160156,44.15481948852539,23.951826637596405,True,124.80483307725277,84.34844305033924,17.996227871582704,8,8,8,0,False,True,False,False,False,False,False
cvrpbtw,minimize,30.456668853759766,27.975727081298828,20.63193178877529,True,47.61908465754806,35.59431742847704,8.145808014571083,9,8,9,0,False,True,False,False,False,False,False
cvrpbpl,minimize,52.24181365966797,38.77817153930664,15.336819648742676,True,240.6300318850707,152.84363008393143,25.77177394351377,10,8,9,0,False,False,False,True,False,False,False
ocvrptw,minimize,19.377361297607422,17.498355865478516,13.645712060799355,True,42.003298994367846,28.233365818606295,9.696910757198465,8,8,8,0,False,True,False,False,True,False,False
ocvrpbl,minimize,13.865439414978027,11.910384178161621,8.318098510488008,True,66.69001211629755,43.1863804347138,14.100203955342907,8,8,21,3,False,False,False,False,True,False,False
ocvrpbp,minimize,16.41386604309082,14.37016773223877,11.332929611206055,True,44.83338912526829,26.80011457963596,12.451047824362597,8,8,9,0,False,False,False,True,True,False,False
acvrptw,minimize,5.529571056365967,4.992493629455566,4.012589931488037,True,37.80553584540769,24.420728624121825,9.712822593934938,8,8,9,0,True,True,False,False,False,False,False
acvrpbl,minimize,4.4638671875,3.8259310722351074,2.1917500495910645,True,103.66679988591154,74.5605559789515,14.291108773381097,8,8,10,0,True,False,False,False,False,False,False
acvrpbp,minimize,4.4284348487854,3.9100542068481445,2.3657898902893066,True,87.18631214726588,65.2747872031017,11.70573034577744,9,8,15,1,True,False,False,True,False,False,False
aocvrpl,minimize,3.6137895584106445,3.1802475452423096,1.8884999752044678,True,91.35767041878727,68.40071945979159,11.996880453631285,9,8,8,0,True,False,False,False,True,False,False
aocvrpb,minimize,3.4707369804382324,2.879134178161621,1.6071399450302124,True,115.95735898238698,79.14645125116945,17.045451891370707,8,8,9,0,True,False,False,False,True,False,False
mdcvrpl,minimize,34.15428161621094,29.586753845214844,12.089630126953125,True,182.5089043879511,144.72836252659957,13.373221613386734,8,8,9,0,False,False,True,False,False,False,False
mdcvrpb,minimize,16.58195686340332,14.59991455078125,9.88378620147705,True,67.76927915463492,47.71580701127886,11.953006083356021,8,8,19,7,False,False,True,False,False,False,False
mdocvrp,minimize,11.104016304016113,9.39774227142334,7.77411413192749,True,42.83320408704904,20.88505663722861,15.366278163475375,8,8,9,1,False,False,True,False,True,False,False
amdcvrp,minimize,3.3750956058502197,2.904003381729126,1.9274300336837769,True,75.10859262681561,50.66712311102081,13.957892727676406,8,8,12,1,True,False,True,False,False,False,False
apdcvrp,minimize,4.803036212921143,3.889211893081665,3.0491409301757812,True,57.5209648523609,27.551070355329692,19.02597189213574,10,8,9,0,True,False,False,False,False,True,False
opdcvrp,minimize,38.646854400634766,26.999473571777344,22.051122665405273,True,75.26025766146398,22.440358168862083,30.137978910558154,9,8,9,0,False,False,False,False,True,True,False
aspctsp,minimize,4.371354103088379,3.416984796524048,,False,,,21.83234952048532,8,8,9,0,True,False,False,False,False,False,True
cvrpbltw,minimize,48.085533142089844,38.817115783691406,18.491065429363715,True,160.0473905940015,109.92363004702817,19.274856183898024,8,8,9,0,False,True,False,False,False,False,False
cvrpbptw,minimize,47.43738555908203,42.23646926879883,28.957300186157227,True,63.818399001710254,45.85775951927171,10.96374985464913,9,8,9,0,False,True,False,True,False,False,False
ocvrpltw,minimize,20.48570442199707,18.796167373657227,14.80633789869914,True,38.35767197908479,26.94676767648689,8.247395420416485,9,8,9,0,False,True,False,False,True,False,False
ocvrpbtw,minimize,19.30362892150879,15.990185737609863,11.315462161252785,True,70.59514358688463,41.312705656553746,17.164871938700447,8,8,13,4,False,True,False,False,True,False,False
ocvrpbpl,minimize,14.61569881439209,12.473468780517578,10.130979537963867,True,44.267380657740084,23.122041000830077,14.657048294981667,8,8,12,1,False,False,False,True,True,False,False
acvrpltw,minimize,6.2747087478637695,5.8489251136779785,3.934109926223755,True,59.49500307650762,48.67213228310076,6.785711517379184,9,8,11,0,True,True,False,False,False,False,False
acvrpbtw,minimize,5.564085960388184,5.0120344161987305,3.8774900436401367,True,43.4971050284037,29.259762366623598,9.921693304517868,9,8,9,0,True,True,False,False,False,False,False
acvrpbpl,minimize,4.608817100524902,3.8863394260406494,2.39411997795105,True,92.50568655582784,62.328515773327275,15.675989277204541,8,8,8,0,True,False,False,True,False,False,False
aocvrptw,minimize,3.520071506500244,2.9219167232513428,2.197279930114746,True,60.20132247402903,32.97881090183875,16.99268841966236,8,8,8,0,True,True,False,False,True,False,False
aocvrpbl,minimize,3.7070980072021484,3.1404566764831543,1.85030996799469,True,100.35010735092074,69.725977312152,15.28530752675337,10,8,8,0,True,False,False,False,True,False,False
aocvrpbp,minimize,3.5605762004852295,3.0061566829681396,1.684209942817688,True,111.40928514697967,78.4906148896634,15.571061713032133,9,8,10,1,True,False,False,True,True,False,False
mdcvrptw,minimize,26.87939453125,22.07077980041504,16.06063461303711,True,67.36197030116628,37.421592186022565,17.889594667932208,8,8,12,1,False,True,True,False,False,False,False
mdcvrpbl,minimize,52.50718307495117,38.23832702636719,11.144113540649414,True,371.1651840536736,243.12578462960352,27.175055321889886,10,8,8,0,False,False,True,False,False,False,False
mdcvrpbp,minimize,18.81113052368164,15.637943267822266,11.54989242553711,True,62.86844786614416,35.39470924635082,16.86866853570867,8,8,10,0,False,False,True,True,False,False,False
mdocvrpl,minimize,12.464228630065918,10.338582038879395,7.678080081939697,True,62.335225695081654,34.65061484833563,17.053976256975012,8,8,12,1,False,False,True,False,True,False,False
mdocvrpb,minimize,12.465832710266113,10.688121795654297,7.40138578414917,True,68.4256580296487,44.40703548440902,14.26066718469437,9,8,8,0,False,False,True,False,True,False,False
amdcvrpl,minimize,4.4819207191467285,4.002976894378662,2.0546700954437256,True,118.13335041403886,94.82333943806104,10.686128889384909,10,8,10,0,True,False,True,False,False,False,False
amdcvrpb,minimize,2.649064540863037,2.4992542266845703,2.0909199714660645,True,26.69373180292622,19.528927973852543,5.655215713606592,8,8,12,0,True,False,True,False,False,False,False
amdocvrp,minimize,3.5000815391540527,2.959784746170044,1.6141999959945679,True,116.83072406387438,83.35923389384051,15.4366916010361,8,8,8,0,True,False,True,False,True,False,False
aopdcvrp,minimize,4.777169227600098,3.9227824211120605,2.8953630924224854,True,64.99378748394376,35.48499085929691,17.884792557730986,9,8,8,0,True,False,False,False,True,True,False
cvrpbpltw,minimize,52.44989776611328,42.20446014404297,24.263469696044922,True,116.16816730322334,73.9423943597091,19.53376090027322,8,8,8,0,False,True,False,True,False,False,False
ocvrpbltw,minimize,19.465042114257812,17.0471134185791,12.158860347542328,True,60.089363294581176,40.20321749994305,12.421903232912191,9,8,13,1,False,True,False,False,True,False,False
ocvrpbptw,minimize,23.452228546142578,19.0902156829834,15.587929725646973,True,50.45120781854949,22.467935248476778,18.599566580962062,9,8,11,0,False,True,False,True,True,False,False
acvrpbltw,minimize,6.713021278381348,6.146854877471924,4.355629920959473,True,54.12285708843191,41.12436063250007,8.433853810842361,9,8,8,0,True,True,False,False,False,False,False
acvrpbptw,minimize,5.624093055725098,5.114349842071533,4.041339874267578,True,39.16407010297212,26.550847025664215,9.063562935443727,8,8,10,0,True,True,False,True,False,False,False
aocvrpltw,minimize,4.047970294952393,3.6091368198394775,2.6610701084136963,True,52.11813781807682,35.62727296917923,10.840827455184577,9,8,9,0,True,True,False,False,True,False,False
aocvrpbtw,minimize,4.809196472167969,4.1824541091918945,3.206279993057251,True,49.993028761730365,30.44569152564378,13.032163826185727,8,8,11,0,True,True,False,False,True,False,False
aocvrpbpl,minimize,3.571753740310669,3.156541585922241,2.011620044708252,True,77.55608220878936,56.91539732991867,11.624881908916622,8,8,8,0,True,False,False,True,True,False,False
mdcvrpltw,minimize,39.349571228027344,33.530921936035156,15.039703369140625,True,161.63794765239305,122.9493568658803,14.787071651362146,9,8,8,0,False,True,True,False,False,False,False
mdcvrpbtw,minimize,31.160255432128906,26.648569107055664,16.96717071533203,True,83.65027354838594,57.059592044861304,14.478977346319521,8,8,12,0,False,True,True,False,False,False,False
mdcvrpbpl,minimize,46.03827667236328,32.766021728515625,11.554325103759766,True,298.4505910897597,183.58230735478955,28.828739699144677,9,8,8,0,False,False,True,True,False,False,False
mdocvrptw,minimize,15.792774200439453,13.3108549118042,10.90636920928955,True,44.80322367032912,22.04661933200113,15.71553710029104,9,8,8,0,False,True,True,False,True,False,False
mdocvrpbl,minimize,12.014026641845703,10.380535125732422,7.207280158996582,True,66.69293237961669,44.028467004640895,13.59653648863833,8,8,8,0,False,False,True,False,True,False,False
mdocvrpbp,minimize,15.474156379699707,12.873199462890625,9.020671844482422,True,71.54106308794083,42.70776816656553,16.808392347780813,8,8,8,0,False,False,True,True,True,False,False
amdcvrptw,minimize,4.503026962280273,4.128232002258301,3.354909896850586,True,34.22199405437028,23.050458259211943,8.323178234584264,8,8,10,3,True,True,True,False,False,False,False
amdcvrpbl,minimize,3.9489221572875977,3.360517740249634,2.029139995574951,True,94.6106313955278,65.61290731926263,14.900380245583827,8,8,8,0,True,False,True,False,False,False,False
amdcvrpbp,minimize,3.896819829940796,3.3720455169677734,2.13319993019104,True,82.67485268442765,58.07451843793131,13.466732768627779,8,8,9,0,True,False,True,True,False,False,False
amdocvrpl,minimize,3.121278762817383,2.6897499561309814,1.473230004310608,True,111.86635852410383,82.57501871811517,13.825385025747824,10,8,9,0,True,False,True,False,True,False,False
amdocvrpb,minimize,3.2034504413604736,2.7600135803222656,1.539430022239685,True,108.09328095991265,79.28801832166289,13.842476078696095,9,8,9,0,True,False,True,False,True,False,False
ocvrpbpltw,minimize,20.199501037597656,18.265499114990234,15.567480087280273,True,29.754468445423417,17.33112239478265,9.574503444454558,10,8,11,0,False,True,False,True,True,False,False
acvrpbpltw,minimize,6.957699298858643,6.221255302429199,4.274040222167969,True,62.78974780750687,45.55911921843176,10.584590750425955,9,8,10,0,True,True,False,True,False,False,False
aocvrpbltw,minimize,4.277169227600098,3.5630950927734375,2.726140022277832,True,56.89470066274512,30.701103525720075,16.69501712064183,9,8,8,0,True,True,False,False,True,False,False
aocvrpbptw,minimize,4.133709907531738,3.6835520267486572,2.9010000228881836,True,42.492584450802276,26.97524983406856,10.889924325915576,9,8,10,2,True,True,False,True,True,False,False
mdcvrpbltw,minimize,52.020694732666016,41.60858154296875,16.33831787109375,True,218.39688236634575,154.6686988908688,20.01532898244639,8,8,8,0,False,True,True,False,False,False,False
mdcvrpbptw,minimize,27.209190368652344,23.330066680908203,16.943025588989258,True,60.59227571688698,37.69716960157153,14.256667086328564,8,8,9,0,False,True,True,True,False,False,False
mdocvrpltw,minimize,14.791386604309082,12.753833770751953,9.88421630859375,True,49.64652879408187,29.032321557585078,13.775265889971,9,8,9,0,False,True,True,False,True,False,False
mdocvrpbtw,minimize,17.388416290283203,15.083041191101074,10.510350227355957,True,65.44088364463123,43.506551778298345,13.258108505663005,9,8,9,0,False,True,True,False,True,False,False
mdocvrpbpl,minimize,12.517395973205566,10.883694648742676,8.08454704284668,True,54.831135335913885,34.6234314805889,13.051447185660276,10,8,9,0,False,False,True,True,True,False,False
amdcvrpltw,minimize,5.999233722686768,5.447193145751953,3.8935599327087402,True,54.08093945822776,39.90264025452805,9.201851477251367,10,8,9,0,True,True,True,False,False,False,False
amdcvrpbtw,minimize,5.320703983306885,4.618505477905273,3.578700065612793,True,48.6770024242253,29.0553942277482,13.197473635155815,8,8,9,0,True,True,True,False,False,False,False
amdcvrpbpl,minimize,4.766524791717529,3.966257333755493,2.392819881439209,True,99.20115294472596,65.75661898002573,16.789327506543284,10,8,8,0,True,False,True,True,False,False,False
amdocvrptw,minimize,3.4183175563812256,2.8672337532043457,1.9101699590682983,True,78.95358159901849,50.103593640581764,16.121492344914856,10,8,10,0,True,True,True,False,True,False,False
amdocvrpbl,minimize,3.244565486907959,2.806725025177002,1.5236300230026245,True,112.94969499970074,84.21302959400711,13.494579274102275,9,8,8,0,True,False,True,False,True,False,False
amdocvrpbp,minimize,3.778132677078247,3.11997127532959,1.7706600427627563,True,113.37425512710143,76.20385618808602,17.420282928169552,8,8,8,0,True,False,True,True,True,False,False
aocvrpbpltw,minimize,4.88510274887085,4.293156623840332,3.575939893722534,True,36.61031488383,20.056733374541682,12.117373071985863,10,8,10,0,True,True,False,True,True,False,False
mdcvrpbpltw,minimize,49.97146224975586,40.60529708862305,17.7119197845459,True,182.13464637163293,129.25407060646359,18.743027999302885,10,8,10,0,False,True,True,True,False,False,False
mdocvrpbltw,minimize,16.494403839111328,13.904833793640137,10.192261695861816,True,61.83261705111299,36.425400059004275,15.699688638220646,8,8,11,1,False,True,True,False,True,False,False
mdocvrpbptw,minimize,16.718029022216797,14.241401672363281,10.998909950256348,True,51.99714424270885,29.48011881878678,14.8141108414293,8,8,9,0,False,True,True,True,True,False,False
amdcvrpbltw,minimize,7.279699802398682,6.626358985900879,4.65995979309082,True,56.21808182105068,42.19777165729152,8.97483185065578,8,8,8,0,True,True,True,False,False,False,False
amdcvrpbptw,minimize,4.918285369873047,4.371043682098389,3.1462199687957764,True,56.323633396667205,38.9300088821004,11.126676201563795,10,8,12,1,True,True,True,True,False,False,False
amdocvrpltw,minimize,3.429492473602295,2.7896623611450195,1.8495899438858032,True,85.41907004518389,50.82599093744089,18.656699712339826,9,8,8,0,True,True,True,False,True,False,False
amdocvrpbtw,minimize,3.5619850158691406,3.068960189819336,2.1618199348449707,True,64.7678864671298,41.96187852432855,13.841294218064093,8,8,9,0,True,True,True,False,True,False,False
amdocvrpbpl,minimize,3.5953965187072754,2.9586334228515625,1.6517200469970703,True,117.67590247777943,79.12438783016177,17.710510997676025,8,8,9,0,True,False,True,True,True,False,False
mdocvrpbpltw,minimize,17.630170822143555,14.334705352783203,11.175503730773926,True,57.75728098587132,28.268986330430906,18.692192506843075,9,8,17,3,False,True,True,True,True,False,False
amdcvrpbpltw,minimize,6.736509323120117,5.911794185638428,3.870919942855835,True,74.02863976954652,52.723235636769694,12.242470067564755,8,8,9,0,True,True,True,True,False,False,False
amdocvrpbltw,minimize,3.2829272747039795,2.535452127456665,1.474560022354126,True,122.63775125700249,71.9463493529976,22.768556373662406,10,8,10,0,True,True,True,False,True,False,False
amdocvrpbptw,minimize,3.6304080486297607,3.0174455642700195,2.2038800716400146,True,64.72802197118635,36.91514357333388,16.884120907320433,9,8,8,0,True,True,True,True,True,False,False
amdocvrpbpltw,minimize,3.6634716987609863,3.0054337978363037,1.921470046043396,True,90.65983913226444,56.413252656472935,17.962139605097427,8,8,10,0,True,True,True,True,True,False,False
